{"cameraMode":{"drawMode":0,"name":"Shaded","section":"Shading Mode"},"sceneLighting":false,"audioPlay":false,"sceneViewState":{"showFog":true,"showMaterialUpdate":false,"showSkybox":false,"showFlares":true,"showImageEffects":true,"showParticleSystems":true},"in2DMode":false,"pivot":{"x":0.13655471801757813,"y":0.4716762602329254,"z":0.11348307132720947},"rotation":{"x":0.012013250030577183,"y":-0.9846675395965576,"z":-0.07364973425865174,"w":-0.15794330835342408},"size":0.1827322244644165,"orthographic":false}