{"cameraMode":{"drawMode":0,"name":"Shaded","section":"Shading Mode"},"sceneLighting":true,"audioPlay":false,"sceneViewState":{"showFog":true,"showMaterialUpdate":false,"showSkybox":true,"showFlares":true,"showImageEffects":true,"showParticleSystems":true},"in2DMode":false,"pivot":{"x":-20.87718963623047,"y":-0.6522048115730286,"z":7.1511335372924809},"rotation":{"x":-0.05090343952178955,"y":0.12497243285179138,"z":-0.00629625516012311,"w":-0.9908828735351563},"size":6.774677276611328,"orthographic":false}